<?xml version="1.0" encoding="UTF-8"?>
<stores name="BikeOnTrack" xmlns:xsi="http://www.w3.org/2001/XMLSchema-instance" xmlns="http://www.estg.ipp.pt/bikeOnTrack" xsi:schemaLocation="http://www.estg.ipp.pt/bikeOnTrack xsd/storeDetails.xsd" xmlns:s="http://www.estg.ipp.pt/salesDetails" xmlns:u="http://www.estg.ipp.pt/userDetails" xmlns:p="http://www.estg.ipp.pt/productDetails" xmlns:c="http://www.estg.ipp.pt/currencyDetails">
    <store>
        <storeID>
            <s:store>1</s:store>
        </storeID>
        <storeName>
            <s:storeN>BikeOnTrack Porto</s:storeN>
        </storeName>
        <nif>500000001</nif>
        <address>Rua Campo Belo nº 112</address>
        <contacts>910000001</contacts>
        <salesInfo>
            <s:reciptID>1</s:reciptID>
            <s:orderDate>2018-11-23T13:30:00Z</s:orderDate>
            <s:costumer>
                <u:userID>1</u:userID>
                <u:name>John</u:name>
            </s:costumer>
            <s:currencyRateID>
                <c:currencyID>1</c:currencyID>
            </s:currencyRateID>
            <s:subTotal>1294,253</s:subTotal>
            <s:taxAmt>722</s:taxAmt>
            <s:reciptLineID>13</s:reciptLineID>
            <s:order>1</s:order>
            <s:productID>
                <p:prodID>762</p:prodID>
            </s:productID>
            <s:unitPrice>5,8</s:unitPrice>
            <s:lineTotal>28.000000</s:lineTotal>
        </salesInfo>
    </store>
</stores>